country_code,year,gdp_per_capita,inflation,unemployment,gdp_lag_1,inflation_lag_1,unemployment_lag_1,gdp_lag_2,inflation_lag_2,unemployment_lag_2,gdp_lag_3,inflation_lag_3,unemployment_lag_3,gdp_rolling3,inflation_rolling3,unemployment_rolling3,gdp_growth,recession
ARG,2010,10260.1313108254,34.2772237131003,7.714,,,,,,,,,,10260.1313108254,34.2772237131003,7.714,,0
ARG,2011,12704.2831819684,34.2772237131003,7.18,10260.1313108254,34.2772237131003,7.714,,,,,,,11482.2072463969,34.2772237131003,7.447,23.821838113944892,0
ARG,2012,12949.717486654,34.2772237131003,7.217,12704.2831819684,34.2772237131003,7.18,10260.1313108254,34.2772237131003,7.714,,,,11971.377326482601,34.2772237131003,7.370333333333334,1.931902029970134,0
ARG,2013,12963.675773326,34.2772237131003,7.1,12949.717486654,34.2772237131003,7.217,12704.2831819684,34.2772237131003,7.18,10260.1313108254,34.2772237131003,7.714,12872.558813982801,34.2772237131003,7.165666666666667,0.10778834894571432,0
ARG,2014,12233.1444119186,34.2772237131003,7.268,12963.675773326,34.2772237131003,7.1,12949.717486654,34.2772237131003,7.217,12704.2831819684,34.2772237131003,7.18,12715.512557299533,34.2772237131003,7.195,-5.635217774502954,1
ARG,2015,13679.6264980954,34.2772237131003,7.577,12233.1444119186,34.2772237131003,7.268,12963.675773326,34.2772237131003,7.1,12949.717486654,34.2772237131003,7.217,12958.815561113333,34.2772237131003,7.315,11.82428685111827,0
ARG,2016,12699.9623137756,34.2772237131003,8.088,13679.6264980954,34.2772237131003,7.577,12233.1444119186,34.2772237131003,7.268,12963.675773326,34.2772237131003,7.1,12870.911074596532,34.2772237131003,7.644333333333333,-7.161483425415138,1
ARG,2017,14532.5009308511,34.2772237131003,8.347,12699.9623137756,34.2772237131003,8.088,13679.6264980954,34.2772237131003,7.577,12233.1444119186,34.2772237131003,7.268,13637.363247574032,34.2772237131003,8.004,14.429480748047197,0
ARG,2018,11752.7998922979,34.2772237131003,9.22,14532.5009308511,34.2772237131003,8.347,12699.9623137756,34.2772237131003,8.088,13679.6264980954,34.2772237131003,7.577,12995.087712308201,34.2772237131003,8.551666666666668,-19.12747882680098,1
ARG,2019,9955.97478680428,53.5483043492339,9.843,11752.7998922979,34.2772237131003,9.22,14532.5009308511,34.2772237131003,8.347,12699.9623137756,34.2772237131003,8.088,12080.425203317762,40.700917258478164,9.136666666666667,-15.288485483966719,1
ARG,2020,8535.59938004389,42.0150947376509,11.461,9955.97478680428,53.5483043492339,9.843,11752.7998922979,34.2772237131003,9.22,14532.5009308511,34.2772237131003,8.347,10081.458019715357,43.28020759999504,10.174666666666667,-14.266562914994175,1
ARG,2021,10738.0179223384,48.4093786255199,8.736,8535.59938004389,42.0150947376509,11.461,9955.97478680428,53.5483043492339,9.843,11752.7998922979,34.2772237131003,9.22,9743.197363062189,47.990925904134905,10.013333333333334,25.802740314215455,0
ARG,2022,13962.1894087223,72.430757531824,6.805,10738.0179223384,48.4093786255199,8.736,8535.59938004389,42.0150947376509,11.461,9955.97478680428,53.5483043492339,9.843,11078.602237034864,54.28507696499827,9.000666666666667,30.0257599652225,1
ARG,2023,14261.8465667948,133.488935594175,6.139,13962.1894087223,72.430757531824,6.805,10738.0179223384,48.4093786255199,8.736,8535.59938004389,42.0150947376509,11.461,12987.351299285168,84.7763572505063,7.226666666666667,2.146204648142791,1
ARG,2024,13969.7836603737,219.883929014578,7.15,14261.8465667948,133.488935594175,6.139,13962.1894087223,72.430757531824,6.805,10738.0179223384,48.4093786255199,8.736,14064.606545296934,141.93454071352565,6.698,-2.047861790219352,1
AUS,2010,52313.8939041213,2.9183370211222,5.214,,,,,,,,,,52313.8939041213,2.9183370211222,5.214,,0
AUS,2011,62799.3895017032,3.30384784681081,5.083,52313.8939041213,2.9183370211222,5.214,,,,,,,57556.64170291225,3.111092433966505,5.1485,20.043424060153647,0
AUS,2012,68301.4402512587,1.76278299052228,5.225,62799.3895017032,3.30384784681081,5.083,52313.8939041213,2.9183370211222,5.214,,,,61138.24121902773,2.66165595281843,5.174,8.761312479648042,0
AUS,2013,68476.6788496118,2.44988248109259,5.663,68301.4402512587,1.76278299052228,5.225,62799.3895017032,3.30384784681081,5.083,52313.8939041213,2.9183370211222,5.214,66525.8362008579,2.5055044394752266,5.323666666666667,0.2565664760632469,0
AUS,2014,62817.2061751737,2.48792932080492,6.078,68476.6788496118,2.44988248109259,5.663,68301.4402512587,1.76278299052228,5.225,62799.3895017032,3.30384784681081,5.083,66531.77509201474,2.2335315974732635,5.655333333333334,-8.264817700734884,1
AUS,2015,56970.3613028094,1.50836803138463,6.055,62817.2061751737,2.48792932080492,6.078,68476.6788496118,2.44988248109259,5.663,68301.4402512587,1.76278299052228,5.225,62754.74877586496,2.148726611094047,5.9319999999999995,-9.307712374312915,1
AUS,2016,50084.4440606385,1.27699365720306,5.711,56970.3613028094,1.50836803138463,6.055,62817.2061751737,2.48792932080492,6.078,68476.6788496118,2.44988248109259,5.663,56624.0038462072,1.7577636697975365,5.948,-12.086841446503737,1
AUS,2017,54117.547718609,1.94864309065653,5.592,50084.4440606385,1.27699365720306,5.711,56970.3613028094,1.50836803138463,6.055,62817.2061751737,2.48792932080492,6.078,53724.11769401897,1.5780015930814066,5.7860000000000005,8.052607418557978,0
AUS,2018,57410.1737346009,1.91140002818579,5.345,54117.547718609,1.94864309065653,5.592,50084.4440606385,1.27699365720306,5.711,56970.3613028094,1.50836803138463,6.055,53870.721837949466,1.7123455920151267,5.549333333333333,6.0842114153293325,0
AUS,2019,55194.7585097428,1.610770929127,5.143,57410.1737346009,1.91140002818579,5.345,54117.547718609,1.94864309065653,5.592,50084.4440606385,1.27699365720306,5.711,55574.159987650906,1.82360468265644,5.359999999999999,-3.858924439246003,1
AUS,2020,51983.4523666382,0.846900734607273,6.394,55194.7585097428,1.610770929127,5.143,57410.1737346009,1.91140002818579,5.345,54117.547718609,1.94864309065653,5.592,54862.79487032731,1.4563572306400208,5.627333333333333,-5.818136050976197,1
AUS,2021,60758.9044397144,2.86391284709318,5.022,51983.4523666382,0.846900734607273,6.394,55194.7585097428,1.610770929127,5.143,57410.1737346009,1.91140002818579,5.345,55979.03843869847,1.773861503609151,5.519666666666667,16.881241382706015,0
AUS,2022,65169.5191118657,6.59409658717841,3.728,60758.9044397144,2.86391284709318,5.022,51983.4523666382,0.846900734607273,6.394,55194.7585097428,1.610770929127,5.143,59303.958639406104,3.434970056292954,5.048,7.259207045985416,0
AUS,2023,65058.3773146674,5.59701792296707,3.668,65169.5191118657,6.59409658717841,3.728,60758.9044397144,2.86391284709318,5.022,51983.4523666382,0.846900734607273,6.394,63662.266955415835,5.018342452412887,4.139333333333334,-0.1705426075149119,1
AUS,2024,64603.9856308464,3.16656665428797,3.942,65058.3773146674,5.59701792296707,3.668,65169.5191118657,6.59409658717841,3.728,60758.9044397144,2.86391284709318,5.022,64943.960685793165,5.119227054811151,3.7793333333333337,-0.6984368540630004,1
BRA,2010,11403.2840038694,5.03872690108074,8.42,,,,,,,,,,11403.2840038694,5.03872690108074,8.42,,0
BRA,2011,13396.6263158041,6.6364496221309,7.578,11403.2840038694,5.03872690108074,8.42,,,,,,,12399.95515983675,5.83758826160582,7.9990000000000006,17.480423282085344,0
BRA,2012,12521.7238454434,5.40349914036997,7.251,13396.6263158041,6.6364496221309,7.578,11403.2840038694,5.03872690108074,8.42,,,,12440.544721705633,5.692891887860537,7.749666666666667,-6.530767147909266,1
BRA,2013,12458.8903396625,6.204310666401,7.071,12521.7238454434,5.40349914036997,7.251,13396.6263158041,6.6364496221309,7.578,11403.2840038694,5.03872690108074,8.42,12792.413500303335,6.081419809633957,7.3,-0.5017959711974052,1
BRA,2014,12274.9941630213,6.32904015516138,6.755,12458.8903396625,6.204310666401,7.071,12521.7238454434,5.40349914036997,7.251,13396.6263158041,6.6364496221309,7.578,12418.536116042398,5.978949987310783,7.025666666666667,-1.4760237198313875,1
BRA,2015,8936.1955889444,9.02990102416136,8.538,12274.9941630213,6.32904015516138,6.755,12458.8903396625,6.204310666401,7.071,12521.7238454434,5.40349914036997,7.251,11223.360030542734,7.187750615241247,7.454666666666667,-27.200001317598232,1
BRA,2016,8836.28546025694,8.73914352329393,11.58,8936.1955889444,9.02990102416136,8.538,12274.9941630213,6.32904015516138,6.755,12458.8903396625,6.204310666401,7.071,10015.82507074088,8.032694900872224,8.957666666666666,-1.1180387413528114,1
BRA,2017,10080.5078722821,3.44637335032669,12.792,8836.28546025694,8.73914352329393,11.58,8936.1955889444,9.02990102416136,8.538,12274.9941630213,6.32904015516138,6.755,9284.32964049448,7.071805965927328,10.97,14.080830883308515,1
BRA,2018,9300.66072904004,3.66485028376728,12.329,10080.5078722821,3.44637335032669,12.792,8836.28546025694,8.73914352329393,11.58,8936.1955889444,9.02990102416136,8.538,9405.818020526362,5.283455719129299,12.233666666666666,-7.736189020658058,1
BRA,2019,9029.83304401079,3.73297621216893,11.936,9300.66072904004,3.66485028376728,12.329,10080.5078722821,3.44637335032669,12.792,8836.28546025694,8.73914352329393,11.58,9470.333881777644,3.614733282087633,12.352333333333334,-2.9119187649069844,1
BRA,2020,7074.19407495707,3.21176803803376,13.697,9029.83304401079,3.73297621216893,11.936,9300.66072904004,3.66485028376728,12.329,10080.5078722821,3.44637335032669,12.792,8468.2292826693,3.5365315113233233,12.654000000000002,-21.6575318671128,1
BRA,2021,7972.53696080695,8.30165975585673,13.158,7074.19407495707,3.21176803803376,13.697,9029.83304401079,3.73297621216893,11.936,9300.66072904004,3.66485028376728,12.329,8025.521359924936,5.082134668686474,12.930333333333332,12.698872498141522,1
BRA,2022,9281.33282136864,9.28010608956872,9.231,7972.53696080695,8.30165975585673,13.158,7074.19407495707,3.21176803803376,13.697,9029.83304401079,3.73297621216893,11.936,8109.35461904422,6.931177961153071,12.028666666666666,16.41630345517042,0
BRA,2023,10377.5897719195,4.59356282283203,7.947,9281.33282136864,9.28010608956872,9.231,7972.53696080695,8.30165975585673,13.158,7074.19407495707,3.21176803803376,13.697,9210.486518031697,7.391776222752494,10.112,11.811417300184734,0
BRA,2024,10310.5488778166,4.36746407652336,6.801,10377.5897719195,4.59356282283203,7.947,9281.33282136864,9.28010608956872,9.231,7972.53696080695,8.30165975585673,13.158,9989.823823701581,6.080377662974704,7.993000000000001,-0.6460160362505851,1
CAN,2010,47560.6666009406,1.77687154092627,8.178,,,,,,,,,,47560.6666009406,1.77687154092627,8.178,,0
CAN,2011,52223.8588398531,2.91213508872351,7.637,47560.6666009406,1.77687154092627,8.178,,,,,,,49892.26272039685,2.34450331482489,7.907500000000001,9.804724307249879,0
CAN,2012,52670.3447335415,1.51567823124516,7.392,52223.8588398531,2.91213508872351,7.637,47560.6666009406,1.77687154092627,8.178,,,,50818.290058111736,2.0682282869649797,7.735666666666667,0.8549461943391901,0
CAN,2013,52638.1187235237,0.938291897815316,7.143,52670.3447335415,1.51567823124516,7.392,52223.8588398531,2.91213508872351,7.637,47560.6666009406,1.77687154092627,8.178,52510.77409897277,1.7887017392613285,7.390666666666667,-0.06118435370192632,1
CAN,2014,50960.8431174661,1.90663590717861,7.023,52638.1187235237,0.938291897815316,7.143,52670.3447335415,1.51567823124516,7.392,52223.8588398531,2.91213508872351,7.637,52089.7688581771,1.4535353454130284,7.186,-3.186427719553042,1
CAN,2015,43594.1941045394,1.12524136094277,6.945,50960.8431174661,1.90663590717861,7.023,52638.1187235237,0.938291897815316,7.143,52670.3447335415,1.51567823124516,7.392,49064.3853151764,1.3233897219788986,7.037,-14.45550850865317,1
CAN,2016,42314.0615817218,1.42875954701085,7.038,43594.1941045394,1.12524136094277,6.945,50960.8431174661,1.90663590717861,7.023,52638.1187235237,0.938291897815316,7.143,45623.03293457577,1.4868789383774097,7.002,-2.9364747969599536,1
CAN,2017,45129.628116623,1.59688412852976,6.426,42314.0615817218,1.42875954701085,7.038,43594.1941045394,1.12524136094277,6.945,50960.8431174661,1.90663590717861,7.023,43679.294600961395,1.3836283454944598,6.803,6.653973713829031,0
CAN,2018,46539.1761570405,2.26822567248103,5.837,45129.628116623,1.59688412852976,6.426,42314.0615817218,1.42875954701085,7.038,43594.1941045394,1.12524136094277,6.945,44660.95528512843,1.7646231160072132,6.433666666666666,3.1233318315297964,0
CAN,2019,46352.8693445211,1.94926902411592,5.69,46539.1761570405,2.26822567248103,5.837,45129.628116623,1.59688412852976,6.426,42314.0615817218,1.42875954701085,7.038,46007.22453939487,1.9381262750422366,5.984333333333333,-0.40032254092923214,1
CAN,2020,43537.839298904,0.716999632307827,9.657,46352.8693445211,1.94926902411592,5.69,46539.1761570405,2.26822567248103,5.837,45129.628116623,1.59688412852976,6.426,45476.62826682187,1.6448314429682587,7.061333333333334,-6.073043773610188,1
CAN,2021,52886.6616372703,3.39519318527527,7.527,43537.839298904,0.716999632307827,9.657,46352.8693445211,1.94926902411592,5.69,46539.1761570405,2.26822567248103,5.837,47592.456760231806,2.0204872805663388,7.624666666666667,21.47286702535476,0
CAN,2022,56256.8007264015,6.80280115341612,5.279,52886.6616372703,3.39519318527527,7.527,43537.839298904,0.716999632307827,9.657,46352.8693445211,1.94926902411592,5.69,50893.7672208586,3.638331323666405,7.487666666666667,6.372380076181994,0
CAN,2023,54220.3285039875,3.87900159788425,5.415,56256.8007264015,6.80280115341612,5.279,52886.6616372703,3.39519318527527,7.527,43537.839298904,0.716999632307827,9.657,54454.59695588643,4.6923319788585465,6.073666666666667,-3.6199574026936854,1
CAN,2024,54340.3477224733,2.38158383281173,6.351,54220.3285039875,3.87900159788425,5.415,56256.8007264015,6.80280115341612,5.279,52886.6616372703,3.39519318527527,7.527,54939.15898428743,4.354462194704033,5.681666666666666,0.22135465017880662,0
CHN,2010,4629.24551710077,3.17532475269199,4.53,,,,,,,,,,4629.24551710077,3.17532475269199,4.53,,0
CHN,2011,5703.76027973346,5.55389892257493,4.55,4629.24551710077,3.17532475269199,4.53,,,,,,,5166.502898417115,4.3646118376334595,4.54,23.211444687117044,0
CHN,2012,6405.0574241349,2.6195243264554,4.58,5703.76027973346,5.55389892257493,4.55,4629.24551710077,3.17532475269199,4.53,,,,5579.354406989711,3.7829160005741067,4.553333333333334,12.29534745513905,0
CHN,2013,7147.03518622344,2.62105001748114,4.6,6405.0574241349,2.6195243264554,4.58,5703.76027973346,5.55389892257493,4.55,4629.24551710077,3.17532475269199,4.53,6418.617630030601,3.598157755503823,4.576666666666666,11.584248398659058,0
CHN,2014,7781.06597484974,1.9216416278852,4.63,7147.03518622344,2.62105001748114,4.6,6405.0574241349,2.6195243264554,4.58,5703.76027973346,5.55389892257493,4.55,7111.052861736028,2.3874053239405804,4.603333333333333,8.871242020026028,0
CHN,2015,8175.33285077393,1.43702380935654,4.65,7781.06597484974,1.9216416278852,4.63,7147.03518622344,2.62105001748114,4.6,6405.0574241349,2.6195243264554,4.58,7701.144670615703,1.9932384849076268,4.626666666666666,5.067003379723989,0
CHN,2016,8254.86859320357,2.00000182191943,4.56,8175.33285077393,1.43702380935654,4.65,7781.06597484974,1.9216416278852,4.63,7147.03518622344,2.62105001748114,4.6,8070.422472942413,1.7862224197203904,4.613333333333333,0.9728746692204693,0
CHN,2017,8979.67652709856,1.59313600071435,4.47,8254.86859320357,2.00000182191943,4.56,8175.33285077393,1.43702380935654,4.65,7781.06597484974,1.9216416278852,4.63,8469.959323692021,1.6767205439967736,4.56,8.780369132607891,0
CHN,2018,10085.6638148819,2.07479039965576,4.31,8979.67652709856,1.59313600071435,4.47,8254.86859320357,2.00000182191943,4.56,8175.33285077393,1.43702380935654,4.65,9106.73631172801,1.889309407429847,4.446666666666666,12.316560451211455,0
CHN,2019,10342.9009524335,2.89923416358226,4.56,10085.6638148819,2.07479039965576,4.31,8979.67652709856,1.59313600071435,4.47,8254.86859320357,2.00000182191943,4.56,9802.747098137987,2.189053521317457,4.446666666666666,2.5505226257098945,0
CHN,2020,10627.4637989619,2.41942189457782,5.0,10342.9009524335,2.89923416358226,4.56,10085.6638148819,2.07479039965576,4.31,8979.67652709856,1.59313600071435,4.47,10352.009522092434,2.4644821526052803,4.623333333333334,2.751286586201407,0
CHN,2021,12887.4357242941,0.981015135544881,4.55,10627.4637989619,2.41942189457782,5.0,10342.9009524335,2.89923416358226,4.56,10085.6638148819,2.07479039965576,4.31,11285.933491896501,2.099890397901654,4.703333333333333,21.265392835804864,0
CHN,2022,12970.6056414327,1.9735755573905,4.98,12887.4357242941,0.981015135544881,4.55,10627.4637989619,2.41942189457782,5.0,10342.9009524335,2.89923416358226,4.56,12161.835054896233,1.7913375291710676,4.843333333333334,0.6453566009397393,0
CHN,2023,12951.1782397043,0.23483682889305,4.67,12970.6056414327,1.9735755573905,4.98,12887.4357242941,0.981015135544881,4.55,10627.4637989619,2.41942189457782,5.0,12936.406535143702,1.063142507276144,4.733333333333333,-0.14978022048824924,1
CHN,2024,13303.1481543868,0.218128938439177,4.59,12951.1782397043,0.23483682889305,4.67,12970.6056414327,1.9735755573905,4.98,12887.4357242941,0.981015135544881,4.55,13074.9773451746,0.8088471082409096,4.746666666666667,2.7176671355156445,0
DEU,2010,42396.9665976293,1.1038103778926,7.043,,,,,,,,,,42396.9665976293,1.1038103778926,7.043,,0
DEU,2011,47630.9761883572,2.07517283735874,5.967,42396.9665976293,1.1038103778926,7.043,,,,,,,45013.97139299325,1.58949160762567,6.505,12.345245452113463,0
DEU,2012,44718.0159214069,2.00848884782956,5.372,47630.9761883572,2.07517283735874,5.967,42396.9665976293,1.1038103778926,7.043,,,,44915.319569131134,1.7291573543603,6.127333333333333,-6.11568458188001,1
DEU,2013,47206.8353514242,1.50472330251876,5.316,44718.0159214069,2.00848884782956,5.372,47630.9761883572,2.07517283735874,5.967,42396.9665976293,1.1038103778926,7.043,46518.609153729434,1.8627949959023535,5.551666666666667,5.565585544742113,0
DEU,2014,48959.5991203133,0.906794000434245,4.979,47206.8353514242,1.50472330251876,5.316,44718.0159214069,2.00848884782956,5.372,47630.9761883572,2.07517283735874,5.967,46961.48346438146,1.4733353835941883,5.222333333333333,3.7129448645326857,0
DEU,2015,41929.7549110722,0.514426137125456,4.612,48959.5991203133,0.906794000434245,4.979,47206.8353514242,1.50472330251876,5.316,44718.0159214069,2.00848884782956,5.372,46032.06312760323,0.9753144800261536,4.969,-14.358459496300124,1
DEU,2016,42948.9381932694,0.491747008445174,4.104,41929.7549110722,0.514426137125456,4.612,48959.5991203133,0.906794000434245,4.979,47206.8353514242,1.50472330251876,5.316,44612.764074884966,0.6376557153349584,4.565,2.430692200225737,0
DEU,2017,45553.9341495339,1.50949485109628,3.781,42948.9381932694,0.491747008445174,4.104,41929.7549110722,0.514426137125456,4.612,48959.5991203133,0.906794000434245,4.979,43477.5424179585,0.83855599888897,4.165666666666667,6.065332615540031,0
DEU,2018,48916.1686612154,1.73216879766941,3.384,45553.9341495339,1.50949485109628,3.781,42948.9381932694,0.491747008445174,4.104,41929.7549110722,0.514426137125456,4.612,45806.34700133957,1.2444702190702879,3.7563333333333335,7.380777477187217,0
DEU,2019,47656.199739747,1.44565976888253,3.163,48916.1686612154,1.73216879766941,3.384,45553.9341495339,1.50949485109628,3.781,42948.9381932694,0.491747008445174,4.104,47375.434183498764,1.562441139216073,3.4426666666666663,-2.5757718888303027,1
DEU,2020,47394.8734504469,0.144877925813981,3.881,47656.199739747,1.44565976888253,3.163,48916.1686612154,1.73216879766941,3.384,45553.9341495339,1.50949485109628,3.781,47989.08061713643,1.1075688307886404,3.4759999999999995,-0.5483573820976306,1
DEU,2021,52349.2459994422,3.06666666666673,3.594,47394.8734504469,0.144877925813981,3.881,47656.199739747,1.44565976888253,3.163,48916.1686612154,1.73216879766941,3.384,49133.4397298787,1.5524014537877469,3.546,10.453393348914153,0
DEU,2022,50506.5179638543,6.87257438551096,3.137,52349.2459994422,3.06666666666673,3.594,47394.8734504469,0.144877925813981,3.881,47656.199739747,1.44565976888253,3.163,50083.54580458114,3.3613729926638904,3.5373333333333328,-3.520066049485293,1
DEU,2023,54776.7668235491,5.94643667725823,3.071,50506.5179638543,6.87257438551096,3.137,52349.2459994422,3.06666666666673,3.594,47394.8734504469,0.144877925813981,3.881,52544.17692894853,5.295225909811973,3.267333333333333,8.454847080828,0
DEU,2024,56103.7323182554,2.2564981433876,3.4,54776.7668235491,5.94643667725823,3.071,50506.5179638543,6.87257438551096,3.137,52349.2459994422,3.06666666666673,3.594,53795.672368552936,5.025169735385597,3.202666666666667,2.422496930095974,0
FRA,2010,40694.8211697025,1.53112270420918,9.279,,,,,,,,,,40694.8211697025,1.53112270420918,9.279,,0
FRA,2011,43929.7840873812,2.11159795175,9.228,40694.8211697025,1.53112270420918,9.279,,,,,,,42312.30262854185,1.82136032797959,9.253499999999999,7.949323340649417,0
FRA,2012,40863.5814412333,1.95419531613509,9.841,43929.7840873812,2.11159795175,9.228,40694.8211697025,1.53112270420918,9.279,,,,41829.39556610567,1.8656386573647563,9.449333333333334,-6.979780824892945,1
FRA,2013,42669.1795111893,0.863715497861804,9.913,40863.5814412333,1.95419531613509,9.841,43929.7840873812,2.11159795175,9.228,40694.8211697025,1.53112270420918,9.279,42487.515013267934,1.643169588582298,9.660666666666666,4.418599658360023,0
FRA,2014,43148.0459288416,0.507758822937989,10.273,42669.1795111893,0.863715497861804,9.913,40863.5814412333,1.95419531613509,9.841,43929.7840873812,2.11159795175,9.228,42226.93562708807,1.1085565456449609,10.008999999999999,1.1222770700962892,1
FRA,2015,36702.4323733379,0.0375143805125181,10.354,43148.0459288416,0.507758822937989,10.273,42669.1795111893,0.863715497861804,9.913,40863.5814412333,1.95419531613509,9.841,40839.8859377896,0.4696629004374369,10.18,-14.93836723483053,1
FRA,2016,37024.2157133669,0.183334861123764,10.057,36702.4323733379,0.0375143805125181,10.354,43148.0459288416,0.507758822937989,10.273,42669.1795111893,0.863715497861804,9.913,38958.23133851547,0.24286935485809022,10.228,0.8767357344489302,1
FRA,2017,38687.1626407164,1.03228275064681,9.409,37024.2157133669,0.183334861123764,10.057,36702.4323733379,0.0375143805125181,10.354,43148.0459288416,0.507758822937989,10.273,37471.27024247373,0.4177106640943638,9.94,4.491511556176242,0
FRA,2018,41418.1766484844,1.85081508315492,9.018,38687.1626407164,1.03228275064681,9.409,37024.2157133669,0.183334861123764,10.057,36702.4323733379,0.0375143805125181,10.354,39043.185000855905,1.022144231641831,9.494666666666667,7.05922538990682,0
FRA,2019,40408.2848574751,1.10825492288293,8.415,41418.1766484844,1.85081508315492,9.018,38687.1626407164,1.03228275064681,9.409,37024.2157133669,0.183334861123764,10.057,40171.20804889197,1.3304509188948865,8.947333333333333,-2.4382816259156948,1
FRA,2020,39169.8606000707,0.476498852725065,8.009,40408.2848574751,1.10825492288293,8.415,41418.1766484844,1.85081508315492,9.018,38687.1626407164,1.03228275064681,9.409,40332.10736867673,1.145189619587638,8.480666666666666,-3.0647780814564873,1
FRA,2021,43725.0999521245,1.64233141038393,7.871,39169.8606000707,0.476498852725065,8.009,40408.2848574751,1.10825492288293,8.415,41418.1766484844,1.85081508315492,9.018,41101.08180322343,1.075695061997308,8.098333333333334,11.629449996167661,0
FRA,2022,40988.6396406579,5.22236748369725,7.303,43725.0999521245,1.64233141038393,7.871,39169.8606000707,0.476498852725065,8.009,40408.2848574751,1.10825492288293,8.415,41294.5333976177,2.447065915602081,7.727666666666667,-6.258328315916506,1
FRA,2023,44700.1384177544,4.8783572650844,7.335,40988.6396406579,5.22236748369725,7.303,43725.0999521245,1.64233141038393,7.871,39169.8606000707,0.476498852725065,8.009,43137.959336845604,3.914352053055193,7.503,9.054945003383219,0
FRA,2024,46103.0840855884,1.99904942291462,7.4,44700.1384177544,4.8783572650844,7.335,40988.6396406579,5.22236748369725,7.303,43725.0999521245,1.64233141038393,7.871,43930.620714666904,4.033258057232089,7.346,3.1385711934994065,0
GBR,2010,39778.3220528565,2.49265472467065,7.973,,,,,,,,,,39778.3220528565,2.49265472467065,7.973,,0
GBR,2011,42295.9273835322,3.8561124468282,8.195,39778.3220528565,2.49265472467065,7.973,,,,,,,41037.12471819435,3.174383585749425,8.084,6.329088812067951,0
GBR,2012,42688.3263728372,2.5732347965453,8.279,42295.9273835322,3.8561124468282,8.195,39778.3220528565,2.49265472467065,7.973,,,,41587.52526974197,2.9740006560147165,8.149,0.9277465079481351,0
GBR,2013,43606.9837896348,2.29166666666659,7.752,42688.3263728372,2.5732347965453,8.279,42295.9273835322,3.8561124468282,8.195,39778.3220528565,2.49265472467065,7.973,42863.74584866807,2.90700463668003,8.075333333333333,2.1520108536795535,0
GBR,2014,47746.2421759562,1.45112016293279,6.398,43606.9837896348,2.29166666666659,7.752,42688.3263728372,2.5732347965453,8.279,42295.9273835322,3.8561124468282,8.195,44680.51744614274,2.1053405420482267,7.476333333333333,9.492191448713028,0
GBR,2015,45255.3449216209,0.36804684232536,5.552,47746.2421759562,1.45112016293279,6.398,43606.9837896348,2.29166666666659,7.752,42688.3263728372,2.5732347965453,8.279,45536.190295737295,1.37027789064158,6.567333333333333,-5.216949315415764,1
GBR,2016,41257.9085545556,1.0084173681141,4.909,45255.3449216209,0.36804684232536,5.552,47746.2421759562,1.45112016293279,6.398,43606.9837896348,2.29166666666659,7.752,44753.165217377566,0.9425281244574166,5.619666666666667,-8.833070157764967,1
GBR,2017,40916.8115070354,2.55775577557747,4.501,41257.9085545556,1.0084173681141,4.909,45255.3449216209,0.36804684232536,5.552,47746.2421759562,1.45112016293279,6.398,42476.6883277373,1.3114066620056433,4.987333333333333,-0.8267434280367469,1
GBR,2018,43702.9976303165,2.29283990345938,4.145,40916.8115070354,2.55775577557747,4.501,41257.9085545556,1.0084173681141,4.909,45255.3449216209,0.36804684232536,5.552,41959.23923063584,1.9530043490503166,4.5183333333333335,6.809392082767807,0
GBR,2019,43158.7411267323,1.73810460086513,3.657,43702.9976303165,2.29283990345938,4.145,40916.8115070354,2.55775577557747,4.501,41257.9085545556,1.0084173681141,4.909,42592.85008802806,2.1962334266339933,4.101,-1.24535279750847,1
GBR,2020,40812.6794663879,0.989486703772491,4.472,43158.7411267323,1.73810460086513,3.657,43702.9976303165,2.29283990345938,4.145,40916.8115070354,2.55775577557747,4.501,42558.13940781223,1.673477069365667,4.091333333333334,-5.435889924257453,1
GBR,2021,47691.3768799404,2.51837109614213,4.864,40812.6794663879,0.989486703772491,4.472,43158.7411267323,1.73810460086513,3.657,43702.9976303165,2.29283990345938,4.145,43887.59915768687,1.7486541335932504,4.331,16.8543146480191,0
GBR,2022,47057.043229179,7.92204883147902,3.768,47691.3768799404,2.51837109614213,4.864,40812.6794663879,0.989486703772491,4.472,43158.7411267323,1.73810460086513,3.657,45187.03319183577,3.809968877131214,4.367999999999999,-1.3300803882393408,1
GBR,2023,49944.4702124201,6.79396706793963,4.025,47057.043229179,7.92204883147902,3.768,47691.3768799404,2.51837109614213,4.864,40812.6794663879,0.989486703772491,4.472,48230.96344051317,5.744795665186928,4.219,6.136014473282225,0
GBR,2024,53246.3676145108,3.2715729463592,4.361,49944.4702124201,6.79396706793963,4.025,47057.043229179,7.92204883147902,3.768,47691.3768799404,2.51837109614213,4.864,50082.6270187033,5.995862948592617,4.051333333333333,6.611137104963394,0
IDN,2010,3065.68348377765,5.13420639015885,5.614,,,,,,,,,,3065.68348377765,5.13420639015885,5.614,,0
IDN,2011,3579.46442466152,5.35604849112582,5.153,3065.68348377765,5.13420639015885,5.614,,,,,,,3322.573954219585,5.245127440642335,5.3835,16.759099352643215,0
IDN,2012,3632.27254030331,4.2795142691943,4.468,3579.46442466152,5.35604849112582,5.153,3065.68348377765,5.13420639015885,5.614,,,,3425.8068162474933,4.92325638349299,5.078333333333333,1.4753077381620905,0
IDN,2013,3566.60284506078,6.41249457900391,4.336,3632.27254030331,4.2795142691943,4.468,3579.46442466152,5.35604849112582,5.153,3065.68348377765,5.13420639015885,5.614,3592.7799366752038,5.349352446441344,4.652333333333333,-1.80795065661693,1
IDN,2014,3441.06808464008,6.39492882396559,4.049,3566.60284506078,6.41249457900391,4.336,3632.27254030331,4.2795142691943,4.468,3579.46442466152,5.35604849112582,5.153,3546.647823334723,5.695645890721266,4.2843333333333335,-3.519729161730112,1
IDN,2015,3288.22269725538,6.36312061196646,4.514,3441.06808464008,6.39492882396559,4.049,3566.60284506078,6.41249457900391,4.336,3632.27254030331,4.2795142691943,4.468,3431.9645423187467,6.3901813383119865,4.299666666666667,-4.441800732364387,1
IDN,2016,3521.46943457574,3.52580452815451,4.301,3288.22269725538,6.36312061196646,4.514,3441.06808464008,6.39492882396559,4.049,3566.60284506078,6.41249457900391,4.336,3416.9200721570664,5.427951321362187,4.288,7.093398434207221,0
IDN,2017,3798.88326174526,3.80879857691949,3.783,3521.46943457574,3.52580452815451,4.301,3288.22269725538,6.36312061196646,4.514,3441.06808464008,6.39492882396559,4.049,3536.1917978587935,4.565907905680153,4.199333333333334,7.877786030050893,0
IDN,2018,3860.95353090726,3.19834755924996,4.387,3798.88326174526,3.80879857691949,3.783,3521.46943457574,3.52580452815451,4.301,3288.22269725538,6.36312061196646,4.514,3727.1020757427536,3.510983554774653,4.157,1.6339083063448445,0
IDN,2019,4106.94856160358,3.03058460941661,3.59,3860.95353090726,3.19834755924996,4.387,3798.88326174526,3.80879857691949,3.783,3521.46943457574,3.52580452815451,4.301,3922.2617847520337,3.345910248528687,3.92,6.371354348792568,0
IDN,2020,3853.70288774146,1.91983527270793,4.255,4106.94856160358,3.03058460941661,3.59,3860.95353090726,3.19834755924996,4.387,3798.88326174526,3.80879857691949,3.783,3940.5349934174333,2.7162558137915,4.077333333333333,-6.166273330758221,1
IDN,2021,4287.17313995098,1.56007882983334,3.827,3853.70288774146,1.91983527270793,4.255,4106.94856160358,3.03058460941661,3.59,3860.95353090726,3.19834755924996,4.387,4082.608196432007,2.170166237319293,3.8906666666666667,11.248149243377803,0
IDN,2022,4730.83484836107,4.20946463714784,3.462,4287.17313995098,1.56007882983334,3.827,3853.70288774146,1.91983527270793,4.255,4106.94856160358,3.03058460941661,3.59,4290.570292017836,2.5631262465630367,3.8480000000000003,10.34858387863391,0
IDN,2023,4876.30774512252,3.66938654859761,3.308,4730.83484836107,4.20946463714784,3.462,4287.17313995098,1.56007882983334,3.827,3853.70288774146,1.91983527270793,4.255,4631.438577811524,3.14631000519293,3.5323333333333333,3.0749941907578293,0
IDN,2024,4925.43048751861,2.18151273615189,3.301,4876.30774512252,3.66938654859761,3.308,4730.83484836107,4.20946463714784,3.462,4287.17313995098,1.56007882983334,3.827,4844.191027000733,3.3534546406324464,3.3569999999999998,1.0073757638701997,0
IND,2010,1347.51939071367,11.9893899204244,7.631,,,,,,,,,,1347.51939071367,11.9893899204244,7.631,,0
IND,2011,1445.46127486037,8.91179336483371,7.609,1347.51939071367,11.9893899204244,7.631,,,,,,,1396.49033278702,10.450591642629055,7.62,7.268309815922436,0
IND,2012,1429.32199520032,9.47899691419801,7.645,1445.46127486037,8.91179336483371,7.609,1347.51939071367,11.9893899204244,7.631,,,,1407.43422025812,10.12672673315204,7.628333333333333,-1.1165487405817132,1
IND,2013,1432.84397512195,10.0178784746102,7.678,1429.32199520032,9.47899691419801,7.645,1445.46127486037,8.91179336483371,7.609,1347.51939071367,11.9893899204244,7.631,1435.8757483942134,9.469556251213973,7.643999999999999,0.2464091319840378,0
IND,2014,1553.88396075118,6.66565671867899,7.656,1432.84397512195,10.0178784746102,7.678,1429.32199520032,9.47899691419801,7.645,1445.46127486037,8.91179336483371,7.609,1472.0166436911502,8.720844035829067,7.659666666666666,8.44753425570486,0
IND,2015,1583.99815907985,4.90697344127256,7.629,1553.88396075118,6.66565671867899,7.656,1432.84397512195,10.0178784746102,7.678,1429.32199520032,9.47899691419801,7.645,1523.5753649843266,7.1968362115205835,7.654333333333334,1.9379953129905703,0
IND,2016,1707.50892912243,4.94821634062141,7.611,1583.99815907985,4.90697344127256,7.629,1553.88396075118,6.66565671867899,7.656,1432.84397512195,10.0178784746102,7.678,1615.130349651153,5.506948833524319,7.631999999999999,7.7974061607702705,0
IND,2017,1950.10468280866,3.32817337461298,7.626,1707.50892912243,4.94821634062141,7.611,1583.99815907985,4.90697344127256,7.629,1553.88396075118,6.66565671867899,7.656,1747.203923670313,4.394454385502317,7.622,14.207583313248717,0
IND,2018,1966.25455171679,3.9388264669163,7.652,1950.10468280866,3.32817337461298,7.626,1707.50892912243,4.94821634062141,7.611,1583.99815907985,4.90697344127256,7.629,1874.62272121596,4.071738727383564,7.629666666666666,0.8281539473496302,0
IND,2019,2041.42863698585,3.72950573539129,6.51,1966.25455171679,3.9388264669163,7.652,1950.10468280866,3.32817337461298,7.626,1707.50892912243,4.94821634062141,7.611,1985.9292905037667,3.665501858973523,7.262666666666667,3.823212269409537,0
IND,2020,1907.04251637669,6.62343677628535,7.859,2041.42863698585,3.72950573539129,6.51,1966.25455171679,3.9388264669163,7.652,1950.10468280866,3.32817337461298,7.626,1971.5752350264436,4.763922992864313,7.340333333333334,-6.582944814939995,1
IND,2021,2239.61384367482,5.13140747176369,6.38,1907.04251637669,6.62343677628535,7.859,2041.42863698585,3.72950573539129,6.51,1966.25455171679,3.9388264669163,7.652,2062.6949990124535,5.161449994480109,6.916333333333333,17.439114463478433,0
IND,2022,2347.44829434623,6.69903414079852,4.822,2239.61384367482,5.13140747176369,6.38,1907.04251637669,6.62343677628535,7.859,2041.42863698585,3.72950573539129,6.51,2164.7015514659133,6.15129279628252,6.353666666666666,4.814868017357488,0
IND,2023,2530.12031278204,5.64914318907925,4.172,2347.44829434623,6.69903414079852,4.822,2239.61384367482,5.13140747176369,6.38,1907.04251637669,6.62343677628535,7.859,2372.3941502676967,5.82652826721382,5.124666666666666,7.781727029974239,0
IND,2024,2694.73780859961,4.95303550973656,4.173,2530.12031278204,5.64914318907925,4.172,2347.44829434623,6.69903414079852,4.822,2239.61384367482,5.13140747176369,6.38,2524.10213857596,5.76707094653811,4.389,6.50631098394534,0
ITA,2010,35856.8625485539,1.52551602118248,8.363,,,,,,,,,,35856.8625485539,1.52551602118248,8.363,,0
ITA,2011,38432.3742820019,2.78063272879323,8.359,35856.8625485539,1.52551602118248,8.363,,,,,,,37144.6184152779,2.153074374987855,8.361,7.1827581957581765,0
ITA,2012,34854.3949441965,3.04136333226775,10.655,38432.3742820019,2.78063272879323,8.359,35856.8625485539,1.52551602118248,8.363,,,,36381.2105915841,2.4491706940811535,9.125666666666666,-9.309805612194477,1
ITA,2013,35701.6746002376,1.21999342274306,12.149,34854.3949441965,3.04136333226775,10.655,38432.3742820019,2.78063272879323,8.359,35856.8625485539,1.52551602118248,8.363,36329.48127547867,2.3473298279346797,10.387666666666666,2.4309119621718667,1
ITA,2014,36028.3494022349,0.241047429826756,12.683,35701.6746002376,1.21999342274306,12.149,34854.3949441965,3.04136333226775,10.655,38432.3742820019,2.78063272879323,8.359,35528.139648889664,1.5008013949458554,11.828999999999999,0.9150125467647374,1
ITA,2015,30639.8829751432,0.0387903996579733,11.896,36028.3494022349,0.241047429826756,12.683,35701.6746002376,1.21999342274306,12.149,34854.3949441965,3.04136333226775,10.655,34123.3023258719,0.4999437507425964,12.242666666666667,-14.956184550484686,1
ITA,2016,31391.5692898108,-0.09401665691575,11.688,30639.8829751432,0.0387903996579733,11.896,36028.3494022349,0.241047429826756,12.683,35701.6746002376,1.21999342274306,12.149,32686.60055572963,0.06194039085632644,12.088999999999999,2.4532936867853294,1
ITA,2017,32844.115660604,1.22653316645812,11.211,31391.5692898108,-0.09401665691575,11.688,30639.8829751432,0.0387903996579733,11.896,36028.3494022349,0.241047429826756,12.683,31625.189308519333,0.39043563640011447,11.598333333333334,4.627186227560398,1
ITA,2018,34904.1081923834,1.13748763600391,10.538,32844.115660604,1.22653316645812,11.211,31391.5692898108,-0.09401665691575,11.688,30639.8829751432,0.0387903996579733,11.896,33046.59771426607,0.7566680485154267,11.145666666666665,6.272029221509312,1
ITA,2019,33812.788724868,0.611246943765304,9.884,34904.1081923834,1.13748763600391,10.538,32844.115660604,1.22653316645812,11.211,31391.5692898108,-0.09401665691575,11.688,33853.670859285136,0.9917559154091115,10.544333333333334,-3.126621833453813,1
ITA,2020,32091.4866621366,-0.13770757391651,9.192,33812.788724868,0.611246943765304,9.884,34904.1081923834,1.13748763600391,10.538,32844.115660604,1.22653316645812,11.211,33602.79452646267,0.5370090019509013,9.871333333333334,-5.090683518409245,1
ITA,2021,36852.5425414951,1.87378325762481,9.497,32091.4866621366,-0.13770757391651,9.192,33812.788724868,0.611246943765304,9.884,34904.1081923834,1.13748763600391,10.538,34252.27264283324,0.7824408758245346,9.524333333333333,14.835884449615943,0
ITA,2022,35653.9042103495,8.20128991161718,8.069,36852.5425414951,1.87378325762481,9.497,32091.4866621366,-0.13770757391651,9.192,33812.788724868,0.611246943765304,9.884,34865.9778046604,3.3124551984418265,8.919333333333332,-3.2525254663120284,1
ITA,2023,39277.0838783918,5.62219442195901,7.627,35653.9042103495,8.20128991161718,8.069,36852.5425414951,1.87378325762481,9.497,32091.4866621366,-0.13770757391651,9.192,37261.17687674547,5.232422530400333,8.397666666666668,10.162083924011256,0
ITA,2024,40385.3413957669,0.982373023061417,6.5,39277.0838783918,5.62219442195901,7.627,35653.9042103495,8.20128991161718,8.069,36852.5425414951,1.87378325762481,9.497,38438.77649483607,4.935285785545869,7.398666666666667,2.82163900152681,0
JPN,2010,44968.1562349739,-0.728243207517779,5.102,,,,,,,,,,44968.1562349739,-0.728243207517779,5.102,,0
JPN,2011,48760.0789494211,-0.27245561610124,4.55,44968.1562349739,-0.728243207517779,5.102,,,,,,,46864.1175921975,-0.5003494118095095,4.8260000000000005,8.432462061893563,0
JPN,2012,49145.2804308193,-0.0440645104432602,4.358,48760.0789494211,-0.27245561610124,4.55,44968.1562349739,-0.728243207517779,5.102,,,,47624.50520507144,-0.34825444468742645,4.67,0.789993555584223,0
JPN,2013,40898.6478964744,0.335037912184741,4.038,49145.2804308193,-0.0440645104432602,4.358,48760.0789494211,-0.27245561610124,4.55,44968.1562349739,-0.728243207517779,5.102,46268.002425571605,0.006172595213413605,4.315333333333333,-16.780110851037865,1
JPN,2014,38475.3952461838,2.75922671353253,3.589,40898.6478964744,0.335037912184741,4.038,49145.2804308193,-0.0440645104432602,4.358,48760.0789494211,-0.27245561610124,4.55,42839.7745244925,1.0167333717580036,3.9950000000000006,-5.925018979660446,1
JPN,2015,34960.6393843385,0.795279630579839,3.385,38475.3952461838,2.75922671353253,3.589,40898.6478964744,0.335037912184741,4.038,49145.2804308193,-0.0440645104432602,4.358,38111.560842332234,1.2965147520990365,3.670666666666667,-9.13507408918407,1
JPN,2016,39375.4731620781,-0.127258844489754,3.132,34960.6393843385,0.795279630579839,3.385,38475.3952461838,2.75922671353253,3.589,40898.6478964744,0.335037912184741,4.038,37603.8359308668,1.1424158332075383,3.3686666666666665,12.62801211729936,0
JPN,2017,38834.0529341227,0.484199796126385,2.822,39375.4731620781,-0.127258844489754,3.132,34960.6393843385,0.795279630579839,3.385,38475.3952461838,2.75922671353253,3.589,37723.38849351311,0.38407352740549,3.1129999999999995,-1.375018976221054,1
JPN,2018,39751.1330982711,0.989094598021848,2.467,38834.0529341227,0.484199796126385,2.822,39375.4731620781,-0.127258844489754,3.132,34960.6393843385,0.795279630579839,3.385,39320.21973149063,0.44867851655282626,2.807,2.3615360614152703,0
JPN,2019,40415.9567649547,0.46877615938395,2.351,39751.1330982711,0.989094598021848,2.467,38834.0529341227,0.484199796126385,2.822,39375.4731620781,-0.127258844489754,3.132,39667.047599116166,0.6473568511773943,2.546666666666667,1.6724646943775179,0
JPN,2020,40028.7341726762,-0.024995834027731,2.809,40415.9567649547,0.46877615938395,2.351,39751.1330982711,0.989094598021848,2.467,38834.0529341227,0.484199796126385,2.822,40065.274678634,0.47762497445935564,2.5423333333333336,-0.9580933454834573,1
JPN,2021,40094.5599795288,-0.233352779398264,2.808,40028.7341726762,-0.024995834027731,2.809,40415.9567649547,0.46877615938395,2.351,39751.1330982711,0.989094598021848,2.467,40179.7503057199,0.07014251531931834,2.656,0.164446386359951,0
JPN,2022,34065.6438962526,2.49770278172255,2.614,40094.5599795288,-0.233352779398264,2.808,40028.7341726762,-0.024995834027731,2.809,40415.9567649547,0.46877615938395,2.351,38062.97934948587,0.746451389432185,2.7436666666666665,-15.036743354595739,1
JPN,2023,33836.1756271617,3.26813365933163,2.6,34065.6438962526,2.49770278172255,2.614,40094.5599795288,-0.233352779398264,2.808,40028.7341726762,-0.024995834027731,2.809,35998.7931676477,1.844161220551972,2.6739999999999995,-0.6736061405143268,1
JPN,2024,32487.0778047567,2.73853681635241,2.5,33836.1756271617,3.26813365933163,2.6,34065.6438962526,2.49770278172255,2.614,40094.5599795288,-0.233352779398264,2.808,33462.965776057004,2.8347910858021965,2.571333333333333,-3.987146293572319,1
KOR,2010,24071.2620526362,2.93928652655686,3.324,,,,,,,,,,24071.2620526362,2.93928652655686,3.324,,0
KOR,2011,26175.2398553363,4.0259650043609,2.992,24071.2620526362,2.93928652655686,3.324,,,,,,,25123.25095398625,3.48262576545888,3.158,8.740621069636333,0
KOR,2012,26600.5477433903,2.18707104433314,2.812,26175.2398553363,4.0259650043609,2.992,24071.2620526362,2.93928652655686,3.324,,,,25615.683217120935,3.0507741917502997,3.042666666666667,1.6248481022698158,0
KOR,2013,28449.3591104972,1.30134754547413,3.067,26600.5477433903,2.18707104433314,2.812,26175.2398553363,4.0259650043609,2.992,24071.2620526362,2.93928652655686,3.324,27075.0489030746,2.5047945313893902,2.9570000000000003,6.950275554255425,0
KOR,2014,30667.0912467447,1.27477446401322,3.082,28449.3591104972,1.30134754547413,3.067,26600.5477433903,2.18707104433314,2.812,26175.2398553363,4.0259650043609,2.992,28572.33270021073,1.5877310179401631,2.987,7.795367648296891,0
KOR,2015,30171.7906545222,0.70633177245575,3.546,30667.0912467447,1.27477446401322,3.082,28449.3591104972,1.30134754547413,3.067,26600.5477433903,2.18707104433314,2.812,29762.747003921366,1.0941512606477,3.231666666666667,-1.6150882659113575,1
KOR,2016,30832.0628072516,0.971685739912168,3.65,30171.7906545222,0.70633177245575,3.546,30667.0912467447,1.27477446401322,3.082,28449.3591104972,1.30134754547413,3.067,30556.981569506166,0.9842639921270461,3.426,2.188375758965555,0
KOR,2017,33296.9845439195,1.94433230786366,3.653,30832.0628072516,0.971685739912168,3.65,30171.7906545222,0.70633177245575,3.546,30667.0912467447,1.27477446401322,3.082,31433.612668564438,1.2074499400771928,3.6163333333333334,7.994670197960785,0
KOR,2018,35363.9508228687,1.47583935002645,3.824,33296.9845439195,1.94433230786366,3.653,30832.0628072516,0.971685739912168,3.65,30171.7906545222,0.70633177245575,3.546,33164.33272467993,1.4639524659340928,3.7089999999999996,6.207668073434158,0
KOR,2019,33826.9443301597,0.383000303608136,3.746,35363.9508228687,1.47583935002645,3.824,33296.9845439195,1.94433230786366,3.653,30832.0628072516,0.971685739912168,3.65,34162.6265656493,1.2677239871660821,3.7409999999999997,-4.346252205834045,1
KOR,2020,33645.7719545073,0.537288023411737,3.931,33826.9443301597,0.383000303608136,3.746,35363.9508228687,1.47583935002645,3.824,33296.9845439195,1.94433230786366,3.653,34278.88903584523,0.7987092256821077,3.8336666666666663,-0.5355859928822149,1
KOR,2021,37518.4635305697,2.49833333333339,3.639,33645.7719545073,0.537288023411737,3.931,33826.9443301597,0.383000303608136,3.746,35363.9508228687,1.47583935002645,3.824,34997.059938412225,1.1395405534510876,3.772,11.510187910976445,0
KOR,2022,34822.4048404971,5.08951365062842,2.857,37518.4635305697,2.49833333333339,3.639,33645.7719545073,0.537288023411737,3.931,33826.9443301597,0.383000303608136,3.746,35328.8801085247,2.7083783357911826,3.4756666666666667,-7.185951759127541,1
KOR,2023,35674.095995632,3.5974562502901,2.675,34822.4048404971,5.08951365062842,2.857,37518.4635305697,2.49833333333339,3.639,33645.7719545073,0.537288023411737,3.931,36004.988122232935,3.7284344114173034,3.057,2.4458137197475027,0
KOR,2024,36238.639908315,2.32174328643542,2.784,35674.095995632,3.5974562502901,2.675,34822.4048404971,5.08951365062842,2.857,37518.4635305697,2.49833333333339,3.639,35578.38024814803,3.6695710624513134,2.772,1.5825037661840957,0
MEX,2010,9728.80078377082,4.15672722680174,5.303,,,,,,,,,,9728.80078377082,4.15672722680174,5.303,,0
MEX,2011,10664.4944032313,3.40737824605742,5.175,9728.80078377082,4.15672722680174,5.303,,,,,,,10196.64759350106,3.7820527364295797,5.239,9.617769345440452,0
MEX,2012,10744.1335242686,4.11150981070289,4.892,10664.4944032313,3.40737824605742,5.175,9728.80078377082,4.15672722680174,5.303,,,,10379.142903756905,3.8918717611873497,5.123333333333334,0.7467688389725335,0
MEX,2013,11216.8008505428,3.80639069747204,4.921,10744.1335242686,4.11150981070289,4.892,10664.4944032313,3.40737824605742,5.175,9728.80078377082,4.15672722680174,5.303,10875.142926014232,3.7750929180774495,4.9959999999999996,4.39930614420001,0
MEX,2014,11391.3773497683,4.01861608078679,4.819,11216.8008505428,3.80639069747204,4.921,10744.1335242686,4.11150981070289,4.892,10664.4944032313,3.40737824605742,5.175,11117.437241526566,3.97883886298724,4.8773333333333335,1.5563840488177272,0
MEX,2015,10021.2386118827,2.72064064964023,4.311,11391.3773497683,4.01861608078679,4.819,11216.8008505428,3.80639069747204,4.921,10744.1335242686,4.11150981070289,4.892,10876.472270731267,3.5152158092996864,4.683666666666667,-12.027858403913449,1
MEX,2016,9097.92397674769,2.8217078474766,3.853,10021.2386118827,2.72064064964023,4.311,11391.3773497683,4.01861608078679,4.819,11216.8008505428,3.80639069747204,4.921,10170.17997946623,3.1869881926345403,4.3276666666666666,-9.213577990650656,1
MEX,2017,9649.27816772402,6.04145724018986,3.419,9097.92397674769,2.8217078474766,3.853,10021.2386118827,2.72064064964023,4.311,11391.3773497683,4.01861608078679,4.819,9589.480252118135,3.86126857910223,3.8610000000000007,6.060219808227352,0
MEX,2018,10084.7937562021,4.89935015356551,3.275,9649.27816772402,6.04145724018986,3.419,9097.92397674769,2.8217078474766,3.853,10021.2386118827,2.72064064964023,4.311,9610.665300224604,4.587505080410657,3.5156666666666667,4.51345251849864,0
MEX,2019,10369.5553585271,3.63596142127046,3.477,10084.7937562021,4.89935015356551,3.275,9649.27816772402,6.04145724018986,3.419,9097.92397674769,2.8217078474766,3.853,10034.542427484406,4.858922938341943,3.390333333333333,2.8236730389243014,0
MEX,2020,8841.27075039868,3.39683415570006,4.44,10369.5553585271,3.63596142127046,3.477,10084.7937562021,4.89935015356551,3.275,9649.27816772402,6.04145724018986,3.419,9765.206621709294,3.9773819101786767,3.7306666666666666,-14.73818843034268,1
MEX,2021,10314.0506722115,5.68920847683753,4.019,8841.27075039868,3.39683415570006,4.44,10369.5553585271,3.63596142127046,3.477,10084.7937562021,4.89935015356551,3.275,9841.625593712428,4.2406680179360166,3.978666666666667,16.658011765406087,0
MEX,2022,11405.7940473759,7.8962761916855,3.256,10314.0506722115,5.68920847683753,4.019,8841.27075039868,3.39683415570006,4.44,10369.5553585271,3.63596142127046,3.477,10187.03848999536,5.660772941407696,3.905,10.585010776666204,0
MEX,2023,13860.9597809326,5.52796087314389,2.765,11405.7940473759,7.8962761916855,3.256,10314.0506722115,5.68920847683753,4.019,8841.27075039868,3.39683415570006,4.44,11860.268166840002,6.371148513888973,3.3466666666666662,21.525601140602333,0
MEX,2024,14185.7812248529,4.72225588452932,2.678,13860.9597809326,5.52796087314389,2.765,11405.7940473759,7.8962761916855,3.256,10314.0506722115,5.68920847683753,4.019,13150.845017720467,6.0488309831195695,2.8996666666666666,2.343426783238556,0
RUS,2010,10674.990234375,6.84939230255025,7.407,,,,,,,,,,10674.990234375,6.84939230255025,7.407,,0
RUS,2011,14305.33203125,8.4404648593257,6.571,10674.990234375,6.84939230255025,7.407,,,,,,,12490.1611328125,7.644928580937975,6.989,34.007916795884064,0
RUS,2012,15401.8515625,5.07474300799149,5.484,14305.33203125,8.4404648593257,6.571,10674.990234375,6.84939230255025,7.407,,,,13460.724609375,6.78820005662248,6.487333333333333,7.6651106654124,0
RUS,2013,15941.4482421875,6.75466833903486,5.513,15401.8515625,5.07474300799149,5.484,14305.33203125,8.4404648593257,6.571,10674.990234375,6.84939230255025,7.407,15216.210611979166,6.756625402117351,5.855999999999999,3.5034533185691386,0
RUS,2014,14055.47265625,7.82016970013845,5.212,15941.4482421875,6.75466833903486,5.513,15401.8515625,5.07474300799149,5.484,14305.33203125,8.4404648593257,6.571,15132.924153645834,6.549860349054934,5.403,-11.830641465475189,1
RUS,2015,9277.7138671875,15.5343959935701,5.615,14055.47265625,7.82016970013845,5.212,15941.4482421875,6.75466833903486,5.513,15401.8515625,5.07474300799149,5.484,13091.544921875,10.036411344247805,5.446666666666666,-33.99216024896886,1
RUS,2016,8663.158203125,7.04243725413707,5.591,9277.7138671875,15.5343959935701,5.615,14055.47265625,7.82016970013845,5.212,15941.4482421875,6.75466833903486,5.513,10665.4482421875,10.13233431594854,5.472666666666666,-6.623998895201966,1
RUS,2017,10658.9130859375,3.68333072334495,5.238,8663.158203125,7.04243725413707,5.591,9277.7138671875,15.5343959935701,5.615,14055.47265625,7.82016970013845,5.212,9533.26171875,8.753387990350708,5.4813333333333345,23.037266964518622,0
RUS,2018,11211.8876953125,2.87831382614981,4.871,10658.9130859375,3.68333072334495,5.238,8663.158203125,7.04243725413707,5.591,9277.7138671875,15.5343959935701,5.615,10177.986328125,4.534693934543943,5.233333333333333,5.187908043875034,0
RUS,2019,11447.701171875,4.47202631837903,4.513,11211.8876953125,2.87831382614981,4.871,10658.9130859375,3.68333072334495,5.238,8663.158203125,7.04243725413707,5.591,11106.167317708334,3.677890289291263,4.8740000000000006,2.1032450821023563,0
RUS,2020,10108.3271484375,3.38219796948068,5.62,11447.701171875,4.47202631837903,4.513,11211.8876953125,2.87831382614981,4.871,10658.9130859375,3.68333072334495,5.238,10922.638671875,3.57751270466984,5.001333333333334,-11.699938732923144,1
RUS,2021,12425.029296875,6.69445891957612,4.749,10108.3271484375,3.38219796948068,5.62,11447.701171875,4.47202631837903,4.513,11211.8876953125,2.87831382614981,4.871,11327.019205729166,4.849561069145277,4.960666666666667,22.918749209611853,0
RUS,2022,15619.6142578125,13.7436797398232,3.867,12425.029296875,6.69445891957612,4.749,10108.3271484375,3.38219796948068,5.62,11447.701171875,4.47202631837903,4.513,12717.656901041666,7.940112209626666,4.745333333333334,25.71088473603007,0
RUS,2023,14159.3876953125,5.86571931748967,3.076,15619.6142578125,13.7436797398232,3.867,12425.029296875,6.69445891957612,4.749,10108.3271484375,3.38219796948068,5.62,14068.010416666666,8.767952658962997,3.8973333333333327,-9.348672370507705,1
RUS,2024,14889.0185546875,8.43486410496723,2.43,14159.3876953125,5.86571931748967,3.076,15619.6142578125,13.7436797398232,3.867,12425.029296875,6.69445891957612,4.749,14889.340169270834,9.348087720760033,3.124333333333334,5.152983130877509,0
SAU,2010,22028.3901426586,5.33941733020905,5.55,,,,,,,,,,22028.3901426586,5.33941733020905,5.55,,0
SAU,2011,27126.7498747702,5.8262163739404,5.77,22028.3901426586,5.33941733020905,5.55,,,,,,,24577.5700087144,5.582816852074725,5.66,23.144495349383163,0
SAU,2012,28733.4375513452,2.86627029905053,5.622,27126.7498747702,5.8262163739404,5.77,22028.3901426586,5.33941733020905,5.55,,,,25962.85918959133,4.677301334399993,5.647333333333333,5.9228904457490295,0
SAU,2013,27865.465604962,3.51104209799866,5.6,28733.4375513452,2.86627029905053,5.622,27126.7498747702,5.8262163739404,5.77,22028.3901426586,5.33941733020905,5.55,27908.551010359133,4.067842923663197,5.663999999999999,-3.0207730795599352,1
SAU,2014,27805.4850319422,2.24185348779063,5.877,27865.465604962,3.51104209799866,5.6,28733.4375513452,2.86627029905053,5.622,27126.7498747702,5.8262163739404,5.77,28134.7960627498,2.8730552949466066,5.6996666666666655,-0.21525056810505205,1
SAU,2015,23256.1549553531,1.22269318552328,5.6,27805.4850319422,2.24185348779063,5.877,27865.465604962,3.51104209799866,5.6,28733.4375513452,2.86627029905053,5.622,26309.0351974191,2.32519625710419,5.692333333333333,-16.361268545982742,1
SAU,2016,22267.7217050387,2.05347076823965,5.6,23256.1549553531,1.22269318552328,5.6,27805.4850319422,2.24185348779063,5.877,27865.465604962,3.51104209799866,5.6,24443.120564111334,1.8393391471845202,5.692333333333333,-4.250200655318914,1
SAU,2017,23929.2907135982,-0.834845735027162,5.89,22267.7217050387,2.05347076823965,5.6,23256.1549553531,1.22269318552328,5.6,27805.4850319422,2.24185348779063,5.877,23151.05579133,0.8137727395785893,5.696666666666666,7.46178271207476,0
SAU,2018,29360.0658968566,2.46594308994843,6.029,23929.2907135982,-0.834845735027162,5.89,22267.7217050387,2.05347076823965,5.6,23256.1549553531,1.22269318552328,5.6,25185.692771831167,1.2281893743869725,5.839666666666666,22.695094678139682,0
SAU,2019,29566.7933827436,-1.19298644533328,5.636,29360.0658968566,2.46594308994843,6.029,23929.2907135982,-0.834845735027162,5.89,22267.7217050387,2.05347076823965,5.6,27618.716664399468,0.14603696986266268,5.851666666666667,0.7041111100133168,0
SAU,2020,24338.8307301067,3.37234961012303,7.66,29566.7933827436,-1.19298644533328,5.636,29360.0658968566,2.46594308994843,6.029,23929.2907135982,-0.834845735027162,5.89,27755.230003235632,1.5484354182460602,6.441666666666666,-17.6818723118218,1
SAU,2021,31920.7653655643,3.06328988941548,6.621,24338.8307301067,3.37234961012303,7.66,29566.7933827436,-1.19298644533328,5.636,29360.0658968566,2.46594308994843,6.029,28608.796492804864,1.7475510180684102,6.639,31.1515977062895,0
SAU,2022,38510.2276211037,2.47407371925372,5.589,31920.7653655643,3.06328988941548,6.621,24338.8307301067,3.37234961012303,7.66,29566.7933827436,-1.19298644533328,5.636,31589.9412389249,2.9699044062640767,6.623333333333334,20.64318377105088,0
SAU,2023,36156.848337701,2.32708518362706,4.008,38510.2276211037,2.47407371925372,5.589,31920.7653655643,3.06328988941548,6.621,24338.8307301067,3.37234961012303,7.66,35529.280441456336,2.62148293076542,5.406,-6.111050047684074,1
SAU,2024,35121.6628687742,1.68792112375809,3.518,36156.848337701,2.32708518362706,4.008,38510.2276211037,2.47407371925372,5.589,31920.7653655643,3.06328988941548,6.621,36596.24627585963,2.16302667554629,4.371666666666667,-2.863041212160644,1
TUR,2010,10698.9699409757,8.56644420552976,11.879,,,,,,,,,,10698.9699409757,8.56644420552976,11.879,,1
TUR,2011,11373.6355760885,6.471879671151,9.789,10698.9699409757,8.56644420552976,11.879,,,,,,,11036.3027585321,7.51916193834038,10.834,6.305893360153458,0
TUR,2012,11776.7593362033,8.89156996512163,9.21,11373.6355760885,6.471879671151,9.789,10698.9699409757,8.56644420552976,11.879,,,,11283.121617755833,7.976631280600796,10.292666666666667,3.544370288795884,0
TUR,2013,12635.5570016068,7.49309030547693,9.713,11776.7593362033,8.89156996512163,9.21,11373.6355760885,6.471879671151,9.789,10698.9699409757,8.56644420552976,11.879,11928.6506379662,7.618846647249853,9.570666666666668,7.292308867715769,0
TUR,2014,12209.3862327674,8.85457271364316,9.901,12635.5570016068,7.49309030547693,9.713,11776.7593362033,8.89156996512163,9.21,11373.6355760885,6.471879671151,9.789,12207.234190192501,8.413077661413906,9.607999999999999,-3.3727897296906284,1
TUR,2015,11064.6494504662,7.67085364845885,10.304,12209.3862327674,8.85457271364316,9.901,12635.5570016068,7.49309030547693,9.713,11776.7593362033,8.89156996512163,9.21,11969.864228280132,8.006172222526313,9.972666666666667,-9.37587492505535,1
TUR,2016,10984.3643169061,7.7751341532833,10.899,11064.6494504662,7.67085364845885,10.304,12209.3862327674,8.85457271364316,9.901,12635.5570016068,7.49309030547693,9.713,11419.466666713233,8.10018683846177,10.368,-0.7256003357315355,1
TUR,2017,10756.3877677883,11.1443110840764,10.919,10984.3643169061,7.7751341532833,10.899,11064.6494504662,7.67085364845885,10.304,12209.3862327674,8.85457271364316,9.901,10935.133845053533,8.863432961939516,10.707333333333333,-2.0754642011183155,1
TUR,2018,9684.11819884721,16.3324638988929,10.956,10756.3877677883,11.1443110840764,10.919,10984.3643169061,7.7751341532833,10.899,11064.6494504662,7.67085364845885,10.304,10474.956761180538,11.750636378750867,10.924666666666667,-9.968677144126104,1
TUR,2019,9395.23378001368,15.1768215720022,13.73,9684.11819884721,16.3324638988929,10.956,10756.3877677883,11.1443110840764,10.919,10984.3643169061,7.7751341532833,10.899,9945.246582216396,14.217865518323833,11.868333333333332,-2.983074069334679,1
TUR,2020,8798.11791709313,12.2789574462574,13.148,9395.23378001368,15.1768215720022,13.73,9684.11819884721,16.3324638988929,10.956,10756.3877677883,11.1443110840764,10.919,9292.489965318005,14.596080972384167,12.611333333333334,-6.355518946114824,1
TUR,2021,9981.76398411336,19.5964926913324,11.969,8798.11791709313,12.2789574462574,13.148,9395.23378001368,15.1768215720022,13.73,9684.11819884721,16.3324638988929,10.956,9391.70522707339,15.684090569863999,12.948999999999998,13.453400808832349,1
TUR,2022,10897.8397861365,72.3088359891207,10.465,9981.76398411336,19.5964926913324,11.969,8798.11791709313,12.2789574462574,13.148,9395.23378001368,15.1768215720022,13.73,9892.573895780997,34.72809537557016,11.860666666666667,9.177494113075957,1
TUR,2023,13375.0947282864,53.8594087593315,9.388,10897.8397861365,72.3088359891207,10.465,9981.76398411336,19.5964926913324,11.969,8798.11791709313,12.2789574462574,13.148,11418.232832845419,48.58824581326153,10.607333333333331,22.731614620553508,1
TUR,2024,15892.7157287241,58.5064507300342,8.8,13375.0947282864,53.8594087593315,9.388,10897.8397861365,72.3088359891207,10.465,9981.76398411336,19.5964926913324,11.969,13388.550081049,61.558231826162135,9.551,18.823201267601462,1
USA,2010,48642.6100179312,1.6400434423899,9.633,,,,,,,,,,48642.6100179312,1.6400434423899,9.633,,0
USA,2011,50024.868799398,3.156841568622,8.949,48642.6100179312,1.6400434423899,9.633,,,,,,,49333.739408664595,2.39844250550595,9.291,2.841662445656712,0
USA,2012,51708.4011556577,2.06933726526067,8.069,50024.868799398,3.156841568622,8.949,48642.6100179312,1.6400434423899,9.633,,,,50125.293324328966,2.2887407587575233,8.883666666666667,3.3653908479215566,0
USA,2013,53179.0127634561,1.46483265562717,7.375,51708.4011556577,2.06933726526067,8.069,50024.868799398,3.156841568622,8.949,48642.6100179312,1.6400434423899,9.633,51637.42757283727,2.230337163169947,8.131,2.8440477271215903,0
USA,2014,54973.4207515712,1.62222297740817,6.168,53179.0127634561,1.46483265562717,7.375,51708.4011556577,2.06933726526067,8.069,50024.868799398,3.156841568622,8.949,53286.94489022833,1.7187976327653367,7.204000000000001,3.3742784885773425,0
USA,2015,56572.9188996063,0.118627135552451,5.28,54973.4207515712,1.62222297740817,6.168,53179.0127634561,1.46483265562717,7.375,51708.4011556577,2.06933726526067,8.069,54908.45080487786,1.068560922862597,6.274333333333334,2.909584534066667,0
USA,2016,57638.1018367192,1.26158320570536,4.869,56572.9188996063,0.118627135552451,5.28,54973.4207515712,1.62222297740817,6.168,53179.0127634561,1.46483265562717,7.375,56394.813829298895,1.0008111062219938,5.439,1.88284952912392,0
USA,2017,59635.0984397965,2.13011000365961,4.355,57638.1018367192,1.26158320570536,4.869,56572.9188996063,0.118627135552451,5.28,54973.4207515712,1.62222297740817,6.168,57948.70639204067,1.1701067816391404,4.834666666666667,3.4647161156252437,0
USA,2018,62499.8744390068,2.44258329692817,3.896,59635.0984397965,2.13011000365961,4.355,57638.1018367192,1.26158320570536,4.869,56572.9188996063,0.118627135552451,5.28,59924.358238507506,1.9447588354310466,4.373333333333334,4.80384215698475,0
USA,2019,64746.4506778863,1.81221007526021,3.669,62499.8744390068,2.44258329692817,3.896,59635.0984397965,2.13011000365961,4.355,57638.1018367192,1.26158320570536,4.869,62293.80785222987,2.1283011252826634,3.973333333333333,3.594529203529695,0
USA,2020,63515.9491807833,1.23358439630629,8.055,64746.4506778863,1.81221007526021,3.669,62499.8744390068,2.44258329692817,3.896,59635.0984397965,2.13011000365961,4.355,63587.42476589213,1.8294592561648901,5.206666666666666,-1.9004925895084956,1
USA,2021,70205.050916026,4.69785886363742,5.349,63515.9491807833,1.23358439630629,8.055,64746.4506778863,1.81221007526021,3.669,62499.8744390068,2.44258329692817,3.896,66155.81692489854,2.581217778401307,5.691,10.531373334599369,0
USA,2022,76657.2488844403,8.00279982052121,3.65,70205.050916026,4.69785886363742,5.349,63515.9491807833,1.23358439630629,8.055,64746.4506778863,1.81221007526021,3.669,70126.08299374986,4.6447476934883065,5.684666666666666,9.1905039370058,0
USA,2023,81032.262117545,4.11633838374488,3.638,76657.2488844403,8.00279982052121,3.65,70205.050916026,4.69785886363742,5.349,63515.9491807833,1.23358439630629,8.055,75964.85397267043,5.60566568930117,4.2123333333333335,5.707240080713016,0
USA,2024,84534.0407841548,2.94952520485207,4.022,81032.262117545,4.11633838374488,3.638,76657.2488844403,8.00279982052121,3.65,70205.050916026,4.69785886363742,5.349,80741.18392871336,5.022887803039386,3.77,4.3214623103204675,0
ZAF,2010,7973.47195771517,4.06749555950263,24.683,,,,,,,,,,7973.47195771517,4.06749555950263,24.683,,1
ZAF,2011,8646.05571071635,5.0008533879502,24.639,7973.47195771517,4.06749555950263,24.683,,,,,,,8309.763834215759,4.534174473726415,24.661,8.435268306805588,1
ZAF,2012,8076.97678479741,5.73797139141739,24.727,8646.05571071635,5.0008533879502,24.639,7973.47195771517,4.06749555950263,24.683,,,,8232.16815107631,4.93544011295674,24.683000000000003,-6.581948404676541,1
ZAF,2013,7331.65467384919,5.78016910069176,24.561,8076.97678479741,5.73797139141739,24.727,8646.05571071635,5.0008533879502,24.639,7973.47195771517,4.06749555950263,24.683,8018.229056454317,5.506331293353116,24.64233333333333,-9.22773620386127,1
ZAF,2014,6856.73137092522,6.13282953059149,24.89,7331.65467384919,5.78016910069176,24.561,8076.97678479741,5.73797139141739,24.727,8646.05571071635,5.0008533879502,24.639,7421.787609857273,5.8836566742335465,24.726,-6.477709658338693,1
ZAF,2015,6112.27382485974,4.51869094892506,25.149,6856.73137092522,6.13282953059149,24.89,7331.65467384919,5.78016910069176,24.561,8076.97678479741,5.73797139141739,24.727,6766.886623211383,5.4772298600694365,24.866666666666664,-10.857324077507592,1
ZAF,2016,5651.20585165749,6.60290842394872,26.536,6112.27382485974,4.51869094892506,25.149,6856.73137092522,6.13282953059149,24.89,7331.65467384919,5.78016910069176,24.561,6206.737015814149,5.75147630115509,25.525000000000002,-7.5433134446137196,1
ZAF,2017,6618.33508255701,5.18618655524149,27.035,5651.20585165749,6.60290842394872,26.536,6112.27382485974,4.51869094892506,25.149,6856.73137092522,6.13282953059149,24.89,6127.271586358081,5.43592864270509,26.24,17.113679032163766,1
ZAF,2018,6914.1780318076,4.50987264867388,26.906,6618.33508255701,5.18618655524149,27.035,5651.20585165749,6.60290842394872,26.536,6112.27382485974,4.51869094892506,25.149,6394.572988674033,5.4329892092880305,26.825666666666667,4.4700509351710105,1
ZAF,2019,6533.71121032856,4.10285075461156,28.468,6914.1780318076,4.50987264867388,26.906,6618.33508255701,5.18618655524149,27.035,5651.20585165749,6.60290842394872,26.536,6688.74144156439,4.59963665284231,27.469666666666665,-5.50270501755612,1
ZAF,2020,5580.60383075189,3.23238831615113,29.217,6533.71121032856,4.10285075461156,28.468,6914.1780318076,4.50987264867388,26.906,6618.33508255701,5.18618655524149,27.035,6342.831024296017,3.9483705731455228,28.197000000000003,-14.58753454040006,1
ZAF,2021,6828.75624590017,4.61874544887136,34.007,5580.60383075189,3.23238831615113,29.217,6533.71121032856,4.10285075461156,28.468,6914.1780318076,4.50987264867388,26.906,6314.357095660206,3.984661506544683,30.563999999999997,22.365902561840034,1
ZAF,2022,6534.24867783397,7.03987272546482,33.268,6828.75624590017,4.61874544887136,34.007,5580.60383075189,3.23238831615113,29.217,6533.71121032856,4.10285075461156,28.468,6314.536251495344,4.963668830162437,32.163999999999994,-4.312755609676588,1
ZAF,2023,6034.27208964673,6.0752438457966,32.098,6534.24867783397,7.03987272546482,33.268,6828.75624590017,4.61874544887136,34.007,5580.60383075189,3.23238831615113,29.217,6465.75900446029,5.91128734004426,33.12433333333333,-7.651630858239333,1
ZAF,2024,6267.186814093,4.36115246518962,32.279,6034.27208964673,6.0752438457966,32.098,6534.24867783397,7.03987272546482,33.268,6828.75624590017,4.61874544887136,34.007,6278.5691938579,5.825423012150346,32.54833333333333,3.8598644705778673,1
